region,order_year,sales,sales_change,sales_yoy_pct,profit,profit_yoy_pct,orders,margin_pct
Central,2014,103838.16,,,539.55,,230,0.52
Central,2015,102874.22,-963.94,-0.93,11716.8,2071.59,234,11.39
Central,2016,147429.38,44555.16,43.31,19899.16,69.83,305,13.5
Central,2017,147098.13,-331.25,-0.22,7550.84,-62.05,406,5.13
East,2014,128680.46,,,17059.61,,261,13.26
East,2015,156332.06,27651.6,21.49,21091.01,23.63,296,13.49
East,2016,180685.82,24353.76,15.58,20141.6,-4.5,374,11.15
East,2017,213082.9,32397.08,17.93,33230.56,64.98,470,15.6
South,2014,103845.84,,,11879.12,,165,11.44
South,2015,71359.98,-32485.86,-31.28,8318.59,-29.97,170,11.66
South,2016,93610.22,22250.24,31.18,17702.81,112.81,214,18.91
South,2017,122905.86,29295.64,31.3,8848.91,-50.01,273,7.2
West,2014,147883.03,,,20065.69,,313,13.57
West,2015,139966.25,-7916.78,-5.35,20492.19,2.13,338,14.64
West,2016,187480.18,47513.93,33.95,24051.61,17.37,422,12.83
West,2017,250128.37,62648.19,33.42,43808.96,82.15,538,17.51
