region,order_quarter,sales,same_qtr_last_year,qtr_yoy_pct
Central,2014-Q1,8600.68,,
Central,2014-Q2,17407.14,,
Central,2014-Q3,44171.45,,
Central,2014-Q4,33658.89,,
Central,2015-Q1,11768.37,8600.68,36.83
Central,2015-Q2,23979.15,17407.14,37.75
Central,2015-Q3,24485.54,44171.45,-44.57
Central,2015-Q4,42641.17,33658.89,26.69
Central,2016-Q1,20211.7,11768.37,71.75
Central,2016-Q2,25759.47,23979.15,7.42
Central,2016-Q3,33380.22,24485.54,36.33
Central,2016-Q4,68077.99,42641.17,59.65
Central,2017-Q1,40530.06,20211.7,100.53
Central,2017-Q2,27938.74,25759.47,8.46
Central,2017-Q3,32468.95,33380.22,-2.73
Central,2017-Q4,46160.39,68077.99,-32.19
East,2014-Q1,6579.34,,
East,2014-Q2,21064.17,,
East,2014-Q3,33443.38,,
East,2014-Q4,67593.57,,
East,2015-Q1,17145.87,6579.34,160.6
East,2015-Q2,22703.21,21064.17,7.78
East,2015-Q3,50777.42,33443.38,51.83
East,2015-Q4,65705.56,67593.57,-2.79
East,2016-Q1,24774.76,17145.87,44.49
East,2016-Q2,52166.66,22703.21,129.78
East,2016-Q3,38051.65,50777.42,-25.06
East,2016-Q4,65692.75,65705.56,-0.02
East,2017-Q1,18051.76,24774.76,-27.14
East,2017-Q2,31511.5,52166.66,-39.59
East,2017-Q3,65496.39,38051.65,72.12
East,2017-Q4,98023.26,65692.75,49.21
South,2014-Q1,44262.2,,
South,2014-Q2,22524.1,,
South,2014-Q3,16061.06,,
South,2014-Q4,20998.48,,
South,2015-Q1,16444.44,44262.2,-62.85
South,2015-Q2,16254.2,22524.1,-27.84
South,2015-Q3,21459.51,16061.06,33.61
South,2015-Q4,17201.83,20998.48,-18.08
South,2016-Q1,23933.7,16444.44,45.54
South,2016-Q2,18381.83,16254.2,13.09
South,2016-Q3,21635.88,21459.51,0.82
South,2016-Q4,29658.81,17201.83,72.42
South,2017-Q1,13642.18,23933.7,-43.0
South,2017-Q2,29325.41,18381.83,59.53
South,2017-Q3,23874.15,21635.88,10.35
South,2017-Q4,56064.11,29658.81,89.03
West,2014-Q1,15005.58,,
West,2014-Q2,25543.35,,
West,2014-Q3,49957.32,,
West,2014-Q4,57376.79,,
West,2015-Q1,23493.06,15005.58,56.56
West,2015-Q2,26187.63,25543.35,2.52
West,2015-Q3,33537.11,49957.32,-32.87
West,2015-Q4,56748.45,57376.79,-1.1
West,2016-Q1,24317.01,23493.06,3.51
West,2016-Q2,39774.35,26187.63,51.88
West,2016-Q3,50719.61,33537.11,51.23
West,2016-Q4,72669.2,56748.45,28.05
West,2017-Q1,50920.86,24317.01,109.4
West,2017-Q2,44988.72,39774.35,13.11
West,2017-Q3,74412.47,50719.61,46.71
West,2017-Q4,79806.32,72669.2,9.82
