region,order_year,base_profit,profit,absolute_change,growth_pct,base_flag
Central,2015,540.0,11717.0,11177.0,2071.6,SMALL BASE
South,2016,8319.0,17703.0,9384.0,112.8,ok
West,2017,24052.0,43809.0,19757.0,82.1,ok
Central,2016,11717.0,19899.0,8182.0,69.8,ok
East,2017,20142.0,33231.0,13089.0,65.0,ok
Central,2017,19899.0,7551.0,-12348.0,-62.1,ok
South,2017,17703.0,8849.0,-8854.0,-50.0,ok
South,2015,11879.0,8319.0,-3561.0,-30.0,ok
East,2015,17060.0,21091.0,4031.0,23.6,ok
West,2016,20492.0,24052.0,3559.0,17.4,ok
East,2016,21091.0,20142.0,-949.0,-4.5,ok
West,2015,20066.0,20492.0,427.0,2.1,ok
